"department","year","rd_budget","total_outlays","discretionary_outlays","gdp"
"DOD",1976,3.5696e+10,3.718e+11,1.756e+11,1.79e+12
"NASA",1976,1.2513e+10,3.718e+11,1.756e+11,1.79e+12
"DOE",1976,1.0882e+10,3.718e+11,1.756e+11,1.79e+12
"HHS",1976,9.226e+09,3.718e+11,1.756e+11,1.79e+12
"NIH",1976,8.025e+09,3.718e+11,1.756e+11,1.79e+12
"NSF",1976,2.372e+09,3.718e+11,1.756e+11,1.79e+12
"USDA",1976,1.837e+09,3.718e+11,1.756e+11,1.79e+12
"Interior",1976,1.152e+09,3.718e+11,1.756e+11,1.79e+12
"DOT",1976,1.142e+09,3.718e+11,1.756e+11,1.79e+12
"EPA",1976,9.68e+08,3.718e+11,1.756e+11,1.79e+12
"DOC",1976,8.19e+08,3.718e+11,1.756e+11,1.79e+12
"DHS",1976,0,3.718e+11,1.756e+11,1.79e+12
"VA",1976,4.04e+08,3.718e+11,1.756e+11,1.79e+12
"Other",1976,1.191e+09,3.718e+11,1.756e+11,1.79e+12
"DOD",1977,3.7967e+10,4.092e+11,1.971e+11,2.028e+12
"NASA",1977,1.2553e+10,4.092e+11,1.971e+11,2.028e+12
"DOE",1977,1.3741e+10,4.092e+11,1.971e+11,2.028e+12
"HHS",1977,9.507e+09,4.092e+11,1.971e+11,2.028e+12
"NIH",1977,8.214e+09,4.092e+11,1.971e+11,2.028e+12
"NSF",1977,2.395e+09,4.092e+11,1.971e+11,2.028e+12
"USDA",1977,1.796e+09,4.092e+11,1.971e+11,2.028e+12
"Interior",1977,1.082e+09,4.092e+11,1.971e+11,2.028e+12
"DOT",1977,1.095e+09,4.092e+11,1.971e+11,2.028e+12
"EPA",1977,9.66e+08,4.092e+11,1.971e+11,2.028e+12
"DOC",1977,8.37e+08,4.092e+11,1.971e+11,2.028e+12
"DHS",1977,0,4.092e+11,1.971e+11,2.028e+12
"VA",1977,3.74e+08,4.092e+11,1.971e+11,2.028e+12
"Other",1977,1.28e+09,4.092e+11,1.971e+11,2.028e+12
"DOD",1978,3.7022e+10,4.587e+11,2.187e+11,2.278e+12
"NASA",1978,1.2516e+10,4.587e+11,2.187e+11,2.278e+12
"DOE",1978,1.5663e+10,4.587e+11,2.187e+11,2.278e+12
"HHS",1978,1.0533e+10,4.587e+11,2.187e+11,2.278e+12
"NIH",1978,8.802e+09,4.587e+11,2.187e+11,2.278e+12
"NSF",1978,2.446e+09,4.587e+11,2.187e+11,2.278e+12
"USDA",1978,1.962e+09,4.587e+11,2.187e+11,2.278e+12
"Interior",1978,1.125e+09,4.587e+11,2.187e+11,2.278e+12
"DOT",1978,1.156e+09,4.587e+11,2.187e+11,2.278e+12
"EPA",1978,1.175e+09,4.587e+11,2.187e+11,2.278e+12
"DOC",1978,8.71e+08,4.587e+11,2.187e+11,2.278e+12
"DHS",1978,0,4.587e+11,2.187e+11,2.278e+12
"VA",1978,3.56e+08,4.587e+11,2.187e+11,2.278e+12
"Other",1978,1.237e+09,4.587e+11,2.187e+11,2.278e+12
"DOD",1979,3.7174e+10,5.04e+11,2.4e+11,2.57e+12
"NASA",1979,1.3079e+10,5.04e+11,2.4e+11,2.57e+12
"DOE",1979,1.5612e+10,5.04e+11,2.4e+11,2.57e+12
"HHS",1979,1.0127e+10,5.04e+11,2.4e+11,2.57e+12
"NIH",1979,9.243e+09,5.04e+11,2.4e+11,2.57e+12
"NSF",1979,2.404e+09,5.04e+11,2.4e+11,2.57e+12
"USDA",1979,2.054e+09,5.04e+11,2.4e+11,2.57e+12
"Interior",1979,1.176e+09,5.04e+11,2.4e+11,2.57e+12
"DOT",1979,1.004e+09,5.04e+11,2.4e+11,2.57e+12
"EPA",1979,1.102e+09,5.04e+11,2.4e+11,2.57e+12
"DOC",1979,9.52e+08,5.04e+11,2.4e+11,2.57e+12
"DHS",1979,0,5.04e+11,2.4e+11,2.57e+12
"VA",1979,3.53e+08,5.04e+11,2.4e+11,2.57e+12
"Other",1979,2.321e+09,5.04e+11,2.4e+11,2.57e+12
"DOD",1980,3.7005e+10,5.909e+11,2.763e+11,2.797e+12
"NASA",1980,1.3837e+10,5.909e+11,2.763e+11,2.797e+12
"DOE",1980,1.5226e+10,5.909e+11,2.763e+11,2.797e+12
"HHS",1980,1.0045e+10,5.909e+11,2.763e+11,2.797e+12
"NIH",1980,9.093e+09,5.909e+11,2.763e+11,2.797e+12
"NSF",1980,2.407e+09,5.909e+11,2.763e+11,2.797e+12
"USDA",1980,1.887e+09,5.909e+11,2.763e+11,2.797e+12
"Interior",1980,1.082e+09,5.909e+11,2.763e+11,2.797e+12
"DOT",1980,1.048e+09,5.909e+11,2.763e+11,2.797e+12
"EPA",1980,9.03e+08,5.909e+11,2.763e+11,2.797e+12
"DOC",1980,9.45e+08,5.909e+11,2.763e+11,2.797e+12
"DHS",1980,0,5.909e+11,2.763e+11,2.797e+12
"VA",1980,3.59e+08,5.909e+11,2.763e+11,2.797e+12
"Other",1980,2.468e+09,5.909e+11,2.763e+11,2.797e+12
"DOD",1981,4.1737e+10,6.782e+11,3.079e+11,3.138e+12
"NASA",1981,1.3276e+10,6.782e+11,3.079e+11,3.138e+12
"DOE",1981,1.4798e+10,6.782e+11,3.079e+11,3.138e+12
"HHS",1981,9.644e+09,6.782e+11,3.079e+11,3.138e+12
"NIH",1981,8.58e+09,6.782e+11,3.079e+11,3.138e+12
"NSF",1981,2.3e+09,6.782e+11,3.079e+11,3.138e+12
"USDA",1981,1.964e+09,6.782e+11,3.079e+11,3.138e+12
"Interior",1981,9.9e+08,6.782e+11,3.079e+11,3.138e+12
"DOT",1981,9.78e+08,6.782e+11,3.079e+11,3.138e+12
"EPA",1981,9.01e+08,6.782e+11,3.079e+11,3.138e+12
"DOC",1981,8.29e+08,6.782e+11,3.079e+11,3.138e+12
"DHS",1981,0,6.782e+11,3.079e+11,3.138e+12
"VA",1981,3.82e+08,6.782e+11,3.079e+11,3.138e+12
"Other",1981,1.925e+09,6.782e+11,3.079e+11,3.138e+12
"DOD",1982,4.6893e+10,7.457e+11,3.259e+11,3.314e+12
"NASA",1982,1.0322e+10,7.457e+11,3.259e+11,3.314e+12
"DOE",1982,1.216e+10,7.457e+11,3.259e+11,3.314e+12
"HHS",1982,8.86e+09,7.457e+11,3.259e+11,3.314e+12
"NIH",1982,8.314e+09,7.457e+11,3.259e+11,3.314e+12
"NSF",1982,2.191e+09,7.457e+11,3.259e+11,3.314e+12
"USDA",1982,1.867e+09,7.457e+11,3.259e+11,3.314e+12
"Interior",1982,8.66e+08,7.457e+11,3.259e+11,3.314e+12
"DOT",1982,7.02e+08,7.457e+11,3.259e+11,3.314e+12
"EPA",1982,6.41e+08,7.457e+11,3.259e+11,3.314e+12
"DOC",1982,6.93e+08,7.457e+11,3.259e+11,3.314e+12
"DHS",1982,0,7.457e+11,3.259e+11,3.314e+12
"VA",1982,3.13e+08,7.457e+11,3.259e+11,3.314e+12
"Other",1982,1.626e+09,7.457e+11,3.259e+11,3.314e+12
"DOD",1983,5.1008e+10,8.084e+11,3.533e+11,3.541e+12
"NASA",1983,5.893e+09,8.084e+11,3.533e+11,3.541e+12
"DOE",1983,1.1129e+10,8.084e+11,3.533e+11,3.541e+12
"HHS",1983,9.418e+09,8.084e+11,3.533e+11,3.541e+12
"NIH",1983,8.733e+09,8.084e+11,3.533e+11,3.541e+12
"NSF",1983,2.282e+09,8.084e+11,3.533e+11,3.541e+12
"USDA",1983,1.907e+09,8.084e+11,3.533e+11,3.541e+12
"Interior",1983,8.35e+08,8.084e+11,3.533e+11,3.541e+12
"DOT",1983,8e+08,8.084e+11,3.533e+11,3.541e+12
"EPA",1983,5.01e+08,8.084e+11,3.533e+11,3.541e+12
"DOC",1983,7e+08,8.084e+11,3.533e+11,3.541e+12
"DHS",1983,0,8.084e+11,3.533e+11,3.541e+12
"VA",1983,3.47e+08,8.084e+11,3.533e+11,3.541e+12
"Other",1983,1.457e+09,8.084e+11,3.533e+11,3.541e+12
"DOD",1984,5.8139e+10,8.518e+11,3.794e+11,3.953e+12
"NASA",1984,6.231e+09,8.518e+11,3.794e+11,3.953e+12
"DOE",1984,1.1731e+10,8.518e+11,3.794e+11,3.953e+12
"HHS",1984,1.0145e+10,8.518e+11,3.794e+11,3.953e+12
"NIH",1984,9.62e+09,8.518e+11,3.794e+11,3.953e+12
"NSF",1984,2.597e+09,8.518e+11,3.794e+11,3.953e+12
"USDA",1984,2.032e+09,8.518e+11,3.794e+11,3.953e+12
"Interior",1984,7.57e+08,8.518e+11,3.794e+11,3.953e+12
"DOT",1984,1.018e+09,8.518e+11,3.794e+11,3.953e+12
"EPA",1984,5.18e+08,8.518e+11,3.794e+11,3.953e+12
"DOC",1984,7.55e+08,8.518e+11,3.794e+11,3.953e+12
"DHS",1984,0,8.518e+11,3.794e+11,3.953e+12
"VA",1984,4.1e+08,8.518e+11,3.794e+11,3.953e+12
"Other",1984,1.418e+09,8.518e+11,3.794e+11,3.953e+12
"DOD",1985,6.4416e+10,9.463e+11,4.158e+11,4.27e+12
"NASA",1985,7.174e+09,9.463e+11,4.158e+11,4.27e+12
"DOE",1985,1.2043e+10,9.463e+11,4.158e+11,4.27e+12
"HHS",1985,1.1083e+10,9.463e+11,4.158e+11,4.27e+12
"NIH",1985,1.0606e+10,9.463e+11,4.158e+11,4.27e+12
"NSF",1985,2.859e+09,9.463e+11,4.158e+11,4.27e+12
"USDA",1985,2.018e+09,9.463e+11,4.158e+11,4.27e+12
"Interior",1985,7.83e+08,9.463e+11,4.158e+11,4.27e+12
"DOT",1985,8.85e+08,9.463e+11,4.158e+11,4.27e+12
"EPA",1985,6.15e+08,9.463e+11,4.158e+11,4.27e+12
"DOC",1985,7.89e+08,9.463e+11,4.158e+11,4.27e+12
"DHS",1985,0,9.463e+11,4.158e+11,4.27e+12
"VA",1985,4.31e+08,9.463e+11,4.158e+11,4.27e+12
"Other",1985,1.116e+09,9.463e+11,4.158e+11,4.27e+12
"DOD",1986,6.8931e+10,9.904e+11,4.385e+11,4.536e+12
"NASA",1986,7.343e+09,9.904e+11,4.385e+11,4.536e+12
"DOE",1986,1.0911e+10,9.904e+11,4.385e+11,4.536e+12
"HHS",1986,1.1133e+10,9.904e+11,4.385e+11,4.536e+12
"NIH",1986,1.0659e+10,9.904e+11,4.385e+11,4.536e+12
"NSF",1986,2.757e+09,9.904e+11,4.385e+11,4.536e+12
"USDA",1986,1.89e+09,9.904e+11,4.385e+11,4.536e+12
"Interior",1986,7.55e+08,9.904e+11,4.385e+11,4.536e+12
"DOT",1986,7.46e+08,9.904e+11,4.385e+11,4.536e+12
"EPA",1986,6.37e+08,9.904e+11,4.385e+11,4.536e+12
"DOC",1986,7.78e+08,9.904e+11,4.385e+11,4.536e+12
"DHS",1986,0,9.904e+11,4.385e+11,4.536e+12
"VA",1986,3.65e+08,9.904e+11,4.385e+11,4.536e+12
"Other",1986,1.326e+09,9.904e+11,4.385e+11,4.536e+12
"DOD",1987,7.1541e+10,1.004e+12,4.441e+11,4.782e+12
"NASA",1987,8.346e+09,1.004e+12,4.441e+11,4.782e+12
"DOE",1987,1.0446e+10,1.004e+12,4.441e+11,4.782e+12
"HHS",1987,1.2847e+10,1.004e+12,4.441e+11,4.782e+12
"NIH",1987,1.2335e+10,1.004e+12,4.441e+11,4.782e+12
"NSF",1987,2.942e+09,1.004e+12,4.441e+11,4.782e+12
"USDA",1987,2.104e+09,1.004e+12,4.441e+11,4.782e+12
"Interior",1987,7.86e+08,1.004e+12,4.441e+11,4.782e+12
"DOT",1987,5.95e+08,1.004e+12,4.441e+11,4.782e+12
"EPA",1987,6.64e+08,1.004e+12,4.441e+11,4.782e+12
"DOC",1987,8.04e+08,1.004e+12,4.441e+11,4.782e+12
"DHS",1987,0,1.004e+12,4.441e+11,4.782e+12
"VA",1987,4.3e+08,1.004e+12,4.441e+11,4.782e+12
"Other",1987,1.474e+09,1.004e+12,4.441e+11,4.782e+12
"DOD",1988,7.1145e+10,1.0644e+12,4.644e+11,5.155e+12
"NASA",1988,8.746e+09,1.0644e+12,4.644e+11,5.155e+12
"DOE",1988,1.0863e+10,1.0644e+12,4.644e+11,5.155e+12
"HHS",1988,1.347e+10,1.0644e+12,4.644e+11,5.155e+12
"NIH",1988,1.2909e+10,1.0644e+12,4.644e+11,5.155e+12
"NSF",1988,2.962e+09,1.0644e+12,4.644e+11,5.155e+12
"USDA",1988,2.085e+09,1.0644e+12,4.644e+11,5.155e+12
"Interior",1988,7.94e+08,1.0644e+12,4.644e+11,5.155e+12
"DOT",1988,5.87e+08,1.0644e+12,4.644e+11,5.155e+12
"EPA",1988,6.98e+08,1.0644e+12,4.644e+11,5.155e+12
"DOC",1988,7.64e+08,1.0644e+12,4.644e+11,5.155e+12
"DHS",1988,0,1.0644e+12,4.644e+11,5.155e+12
"VA",1988,3.68e+08,1.0644e+12,4.644e+11,5.155e+12
"Other",1988,1.409e+09,1.0644e+12,4.644e+11,5.155e+12
"DOD",1989,6.9231e+10,1.1437e+12,4.888e+11,5.57e+12
"NASA",1989,1.0623e+10,1.1437e+12,4.888e+11,5.57e+12
"DOE",1989,1.1225e+10,1.1437e+12,4.888e+11,5.57e+12
"HHS",1989,1.4291e+10,1.1437e+12,4.888e+11,5.57e+12
"NIH",1989,1.355e+10,1.1437e+12,4.888e+11,5.57e+12
"NSF",1989,3.162e+09,1.1437e+12,4.888e+11,5.57e+12
"USDA",1989,2.044e+09,1.1437e+12,4.888e+11,5.57e+12
"Interior",1989,8.61e+08,1.1437e+12,4.888e+11,5.57e+12
"DOT",1989,5.86e+08,1.1437e+12,4.888e+11,5.57e+12
"EPA",1989,7.13e+08,1.1437e+12,4.888e+11,5.57e+12
"DOC",1989,7.66e+08,1.1437e+12,4.888e+11,5.57e+12
"DHS",1989,0,1.1437e+12,4.888e+11,5.57e+12
"VA",1989,3.91e+08,1.1437e+12,4.888e+11,5.57e+12
"Other",1989,1.469e+09,1.1437e+12,4.888e+11,5.57e+12
"DOD",1990,6.5589e+10,1.253e+12,5.005e+11,5.915e+12
"NASA",1990,1.2317e+10,1.253e+12,5.005e+11,5.915e+12
"DOE",1990,1.2103e+10,1.253e+12,5.005e+11,5.915e+12
"HHS",1990,1.4779e+10,1.253e+12,5.005e+11,5.915e+12
"NIH",1990,1.4042e+10,1.253e+12,5.005e+11,5.915e+12
"NSF",1990,2.994e+09,1.253e+12,5.005e+11,5.915e+12
"USDA",1990,2.119e+09,1.253e+12,5.005e+11,5.915e+12
"Interior",1990,9.19e+08,1.253e+12,5.005e+11,5.915e+12
"DOT",1990,6.13e+08,1.253e+12,5.005e+11,5.915e+12
"EPA",1990,7.35e+08,1.253e+12,5.005e+11,5.915e+12
"DOC",1990,7.84e+08,1.253e+12,5.005e+11,5.915e+12
"DHS",1990,0,1.253e+12,5.005e+11,5.915e+12
"VA",1990,3.78e+08,1.253e+12,5.005e+11,5.915e+12
"Other",1990,1.754e+09,1.253e+12,5.005e+11,5.915e+12
"DOD",1991,6.2238e+10,1.3242e+12,5.333e+11,6.11e+12
"NASA",1991,1.3589e+10,1.3242e+12,5.333e+11,6.11e+12
"DOE",1991,1.2275e+10,1.3242e+12,5.333e+11,6.11e+12
"HHS",1991,1.6001e+10,1.3242e+12,5.333e+11,6.11e+12
"NIH",1991,1.5016e+10,1.3242e+12,5.333e+11,6.11e+12
"NSF",1991,3.167e+09,1.3242e+12,5.333e+11,6.11e+12
"USDA",1991,2.327e+09,1.3242e+12,5.333e+11,6.11e+12
"Interior",1991,1.037e+09,1.3242e+12,5.333e+11,6.11e+12
"DOT",1991,6.88e+08,1.3242e+12,5.333e+11,6.11e+12
"EPA",1991,7.68e+08,1.3242e+12,5.333e+11,6.11e+12
"DOC",1991,8.98e+08,1.3242e+12,5.333e+11,6.11e+12
"DHS",1991,0,1.3242e+12,5.333e+11,6.11e+12
"VA",1991,3.75e+08,1.3242e+12,5.333e+11,6.11e+12
"Other",1991,1.629e+09,1.3242e+12,5.333e+11,6.11e+12
"DOD",1992,6.1682e+10,1.3815e+12,5.338e+11,6.435e+12
"NASA",1992,1.395e+10,1.3815e+12,5.338e+11,6.435e+12
"DOE",1992,1.328e+10,1.3815e+12,5.338e+11,6.435e+12
"HHS",1992,1.6621e+10,1.3815e+12,5.338e+11,6.435e+12
"NIH",1992,1.5714e+10,1.3815e+12,5.338e+11,6.435e+12
"NSF",1992,3.219e+09,1.3815e+12,5.338e+11,6.435e+12
"USDA",1992,2.48e+09,1.3815e+12,5.338e+11,6.435e+12
"Interior",1992,1.05e+09,1.3815e+12,5.338e+11,6.435e+12
"DOT",1992,1.014e+09,1.3815e+12,5.338e+11,6.435e+12
"EPA",1992,8.04e+08,1.3815e+12,5.338e+11,6.435e+12
"DOC",1992,9.52e+08,1.3815e+12,5.338e+11,6.435e+12
"DHS",1992,0,1.3815e+12,5.338e+11,6.435e+12
"VA",1992,4.07e+08,1.3815e+12,5.338e+11,6.435e+12
"Other",1992,1.999e+09,1.3815e+12,5.338e+11,6.435e+12
"DOD",1993,6.1956e+10,1.4094e+12,5.397e+11,6.795e+12
"NASA",1993,1.4058e+10,1.4094e+12,5.397e+11,6.795e+12
"DOE",1993,1.1872e+10,1.4094e+12,5.397e+11,6.795e+12
"HHS",1993,1.6702e+10,1.4094e+12,5.397e+11,6.795e+12
"NIH",1993,1.5774e+10,1.4094e+12,5.397e+11,6.795e+12
"NSF",1993,3.211e+09,1.4094e+12,5.397e+11,6.795e+12
"USDA",1993,2.339e+09,1.4094e+12,5.397e+11,6.795e+12
"Interior",1993,1.035e+09,1.4094e+12,5.397e+11,6.795e+12
"DOT",1993,9.9e+08,1.4094e+12,5.397e+11,6.795e+12
"EPA",1993,7.92e+08,1.4094e+12,5.397e+11,6.795e+12
"DOC",1993,1.265e+09,1.4094e+12,5.397e+11,6.795e+12
"DHS",1993,0,1.4094e+12,5.397e+11,6.795e+12
"VA",1993,4.03e+08,1.4094e+12,5.397e+11,6.795e+12
"Other",1993,1.683e+09,1.4094e+12,5.397e+11,6.795e+12
"DOD",1994,5.5423e+10,1.4618e+12,5.414e+11,7.198e+12
"NASA",1994,1.468e+10,1.4618e+12,5.414e+11,7.198e+12
"DOE",1994,1.0568e+10,1.4618e+12,5.414e+11,7.198e+12
"HHS",1994,1.7674e+10,1.4618e+12,5.414e+11,7.198e+12
"NIH",1994,1.6347e+10,1.4618e+12,5.414e+11,7.198e+12
"NSF",1994,3.5e+09,1.4618e+12,5.414e+11,7.198e+12
"USDA",1994,2.385e+09,1.4618e+12,5.414e+11,7.198e+12
"Interior",1994,1.104e+09,1.4618e+12,5.414e+11,7.198e+12
"DOT",1994,1e+09,1.4618e+12,5.414e+11,7.198e+12
"EPA",1994,9.18e+08,1.4618e+12,5.414e+11,7.198e+12
"DOC",1994,1.595e+09,1.4618e+12,5.414e+11,7.198e+12
"DHS",1994,0,1.4618e+12,5.414e+11,7.198e+12
"VA",1994,4.32e+08,1.4618e+12,5.414e+11,7.198e+12
"Other",1994,1.652e+09,1.4618e+12,5.414e+11,7.198e+12
"DOD",1995,5.4026e+10,1.5157e+12,5.448e+11,7.583e+12
"NASA",1995,1.4457e+10,1.5157e+12,5.448e+11,7.583e+12
"DOE",1995,9.806e+09,1.5157e+12,5.448e+11,7.583e+12
"HHS",1995,1.7602e+10,1.5157e+12,5.448e+11,7.583e+12
"NIH",1995,1.6448e+10,1.5157e+12,5.448e+11,7.583e+12
"NSF",1995,3.662e+09,1.5157e+12,5.448e+11,7.583e+12
"USDA",1995,2.273e+09,1.5157e+12,5.448e+11,7.583e+12
"Interior",1995,1.021e+09,1.5157e+12,5.448e+11,7.583e+12
"DOT",1995,1.018e+09,1.5157e+12,5.448e+11,7.583e+12
"EPA",1995,8.47e+08,1.5157e+12,5.448e+11,7.583e+12
"DOC",1995,1.709e+09,1.5157e+12,5.448e+11,7.583e+12
"DHS",1995,0,1.5157e+12,5.448e+11,7.583e+12
"VA",1995,4.02e+08,1.5157e+12,5.448e+11,7.583e+12
"Other",1995,1.612e+09,1.5157e+12,5.448e+11,7.583e+12
"DOD",1996,5.3688e+10,1.5605e+12,5.328e+11,7.978e+12
"NASA",1996,1.4152e+10,1.5605e+12,5.328e+11,7.978e+12
"DOE",1996,9.412e+09,1.5605e+12,5.328e+11,7.978e+12
"HHS",1996,1.8054e+10,1.5605e+12,5.328e+11,7.978e+12
"NIH",1996,1.7141e+10,1.5605e+12,5.328e+11,7.978e+12
"NSF",1996,3.588e+09,1.5605e+12,5.328e+11,7.978e+12
"USDA",1996,2.232e+09,1.5605e+12,5.328e+11,7.978e+12
"Interior",1996,8.57e+08,1.5605e+12,5.328e+11,7.978e+12
"DOT",1996,9.02e+08,1.5605e+12,5.328e+11,7.978e+12
"EPA",1996,7.24e+08,1.5605e+12,5.328e+11,7.978e+12
"DOC",1996,1.488e+09,1.5605e+12,5.328e+11,7.978e+12
"DHS",1996,0,1.5605e+12,5.328e+11,7.978e+12
"VA",1996,3.95e+08,1.5605e+12,5.328e+11,7.978e+12
"Other",1996,1.345e+09,1.5605e+12,5.328e+11,7.978e+12
"DOD",1997,5.4903e+10,1.6011e+12,5.471e+11,8.483e+12
"NASA",1997,1.3788e+10,1.6011e+12,5.471e+11,8.483e+12
"DOE",1997,9.167e+09,1.6011e+12,5.471e+11,8.483e+12
"HHS",1997,1.9037e+10,1.6011e+12,5.471e+11,8.483e+12
"NIH",1997,1.8013e+10,1.6011e+12,5.471e+11,8.483e+12
"NSF",1997,3.574e+09,1.6011e+12,5.471e+11,8.483e+12
"USDA",1997,2.295e+09,1.6011e+12,5.471e+11,8.483e+12
"Interior",1997,8.72e+08,1.6011e+12,5.471e+11,8.483e+12
"DOT",1997,9.02e+08,1.6011e+12,5.471e+11,8.483e+12
"EPA",1997,8.77e+08,1.6011e+12,5.471e+11,8.483e+12
"DOC",1997,1.421e+09,1.6011e+12,5.471e+11,8.483e+12
"DHS",1997,0,1.6011e+12,5.471e+11,8.483e+12
"VA",1997,8.67e+08,1.6011e+12,5.471e+11,8.483e+12
"Other",1997,1.302e+09,1.6011e+12,5.471e+11,8.483e+12
"DOD",1998,5.4716e+10,1.6525e+12,5.519e+11,8.955e+12
"NASA",1998,1.4201e+10,1.6525e+12,5.519e+11,8.955e+12
"DOE",1998,9.25e+09,1.6525e+12,5.519e+11,8.955e+12
"HHS",1998,2.016e+10,1.6525e+12,5.519e+11,8.955e+12
"NIH",1998,1.9093e+10,1.6525e+12,5.519e+11,8.955e+12
"NSF",1998,3.642e+09,1.6525e+12,5.519e+11,8.955e+12
"USDA",1998,2.274e+09,1.6525e+12,5.519e+11,8.955e+12
"Interior",1998,7.8e+08,1.6525e+12,5.519e+11,8.955e+12
"DOT",1998,8.59e+08,1.6525e+12,5.519e+11,8.955e+12
"EPA",1998,9.28e+08,1.6525e+12,5.519e+11,8.955e+12
"DOC",1998,1.589e+09,1.6525e+12,5.519e+11,8.955e+12
"DHS",1998,0,1.6525e+12,5.519e+11,8.955e+12
"VA",1998,8.55e+08,1.6525e+12,5.519e+11,8.955e+12
"Other",1998,1.351e+09,1.6525e+12,5.519e+11,8.955e+12
"DOD",1999,5.5927e+10,1.7018e+12,5.721e+11,9.511e+12
"NASA",1999,1.3975e+10,1.7018e+12,5.721e+11,9.511e+12
"DOE",1999,1.0019e+10,1.7018e+12,5.721e+11,9.511e+12
"HHS",1999,2.2759e+10,1.7018e+12,5.721e+11,9.511e+12
"NIH",1999,2.1566e+10,1.7018e+12,5.721e+11,9.511e+12
"NSF",1999,3.84e+09,1.7018e+12,5.721e+11,9.511e+12
"USDA",1999,2.366e+09,1.7018e+12,5.721e+11,9.511e+12
"Interior",1999,7.18e+08,1.7018e+12,5.721e+11,9.511e+12
"DOT",1999,8.73e+08,1.7018e+12,5.721e+11,9.511e+12
"EPA",1999,9.62e+08,1.7018e+12,5.721e+11,9.511e+12
"DOC",1999,1.559e+09,1.7018e+12,5.721e+11,9.511e+12
"DHS",1999,0,1.7018e+12,5.721e+11,9.511e+12
"VA",1999,9.26e+08,1.7018e+12,5.721e+11,9.511e+12
"Other",1999,1.377e+09,1.7018e+12,5.721e+11,9.511e+12
"DOD",2000,5.6297e+10,1.789e+12,6.147e+11,1.0148e+13
"NASA",2000,1.3376e+10,1.789e+12,6.147e+11,1.0148e+13
"DOE",2000,9.8e+09,1.789e+12,6.147e+11,1.0148e+13
"HHS",2000,2.5616e+10,1.789e+12,6.147e+11,1.0148e+13
"NIH",2000,2.4281e+10,1.789e+12,6.147e+11,1.0148e+13
"NSF",2000,4.129e+09,1.789e+12,6.147e+11,1.0148e+13
"USDA",2000,2.502e+09,1.789e+12,6.147e+11,1.0148e+13
"Interior",2000,8.71e+08,1.789e+12,6.147e+11,1.0148e+13
"DOT",2000,8.55e+08,1.789e+12,6.147e+11,1.0148e+13
"EPA",2000,7.86e+08,1.789e+12,6.147e+11,1.0148e+13
"DOC",2000,1.654e+09,1.789e+12,6.147e+11,1.0148e+13
"DHS",2000,0,1.789e+12,6.147e+11,1.0148e+13
"VA",2000,9.09e+08,1.789e+12,6.147e+11,1.0148e+13
"Other",2000,1.223e+09,1.789e+12,6.147e+11,1.0148e+13
"DOD",2001,5.8807e+10,1.8628e+12,6.491e+11,1.0565e+13
"NASA",2001,1.3604e+10,1.8628e+12,6.491e+11,1.0565e+13
"DOE",2001,1.064e+10,1.8628e+12,6.491e+11,1.0565e+13
"HHS",2001,2.8956e+10,1.8628e+12,6.491e+11,1.0565e+13
"NIH",2001,2.7253e+10,1.8628e+12,6.491e+11,1.0565e+13
"NSF",2001,4.569e+09,1.8628e+12,6.491e+11,1.0565e+13
"USDA",2001,3.001e+09,1.8628e+12,6.491e+11,1.0565e+13
"Interior",2001,8.55e+08,1.8628e+12,6.491e+11,1.0565e+13
"DOT",2001,9.89e+08,1.8628e+12,6.491e+11,1.0565e+13
"EPA",2001,7.89e+08,1.8628e+12,6.491e+11,1.0565e+13
"DOC",2001,1.417e+09,1.8628e+12,6.491e+11,1.0565e+13
"DHS",2001,0,1.8628e+12,6.491e+11,1.0565e+13
"VA",2001,9.89e+08,1.8628e+12,6.491e+11,1.0565e+13
"Other",2001,1.328e+09,1.8628e+12,6.491e+11,1.0565e+13
"DOD",2002,6.7534e+10,2.0109e+12,7.34e+11,1.0877e+13
"NASA",2002,1.3844e+10,2.0109e+12,7.34e+11,1.0877e+13
"DOE",2002,1.0938e+10,2.0109e+12,7.34e+11,1.0877e+13
"HHS",2002,3.2518e+10,2.0109e+12,7.34e+11,1.0877e+13
"NIH",2002,3.0755e+10,2.0109e+12,7.34e+11,1.0877e+13
"NSF",2002,4.774e+09,2.0109e+12,7.34e+11,1.0877e+13
"USDA",2002,2.86e+09,2.0109e+12,7.34e+11,1.0877e+13
"Interior",2002,8.44e+08,2.0109e+12,7.34e+11,1.0877e+13
"DOT",2002,1.053e+09,2.0109e+12,7.34e+11,1.0877e+13
"EPA",2002,8.01e+08,2.0109e+12,7.34e+11,1.0877e+13
"DOC",2002,1.661e+09,2.0109e+12,7.34e+11,1.0877e+13
"DHS",2002,3.6e+08,2.0109e+12,7.34e+11,1.0877e+13
"VA",2002,1.024e+09,2.0109e+12,7.34e+11,1.0877e+13
"Other",2002,1.388e+09,2.0109e+12,7.34e+11,1.0877e+13
"DOD",2003,7.8782e+10,2.1599e+12,8.243e+11,1.1332e+13
"NASA",2003,1.4191e+10,2.1599e+12,8.243e+11,1.1332e+13
"DOE",2003,1.1232e+10,2.1599e+12,8.243e+11,1.1332e+13
"HHS",2003,3.6797e+10,2.1599e+12,8.243e+11,1.1332e+13
"NIH",2003,3.5073e+10,2.1599e+12,8.243e+11,1.1332e+13
"NSF",2003,5.217e+09,2.1599e+12,8.243e+11,1.1332e+13
"USDA",2003,3.112e+09,2.1599e+12,8.243e+11,1.1332e+13
"Interior",2003,8.55e+08,2.1599e+12,8.243e+11,1.1332e+13
"DOT",2003,9.29e+08,2.1599e+12,8.243e+11,1.1332e+13
"EPA",2003,7.53e+08,2.1599e+12,8.243e+11,1.1332e+13
"DOC",2003,1.591e+09,2.1599e+12,8.243e+11,1.1332e+13
"DHS",2003,9.79e+08,2.1599e+12,8.243e+11,1.1332e+13
"VA",2003,1.085e+09,2.1599e+12,8.243e+11,1.1332e+13
"Other",2003,1.414e+09,2.1599e+12,8.243e+11,1.1332e+13
"DOD",2004,8.5503e+10,2.2928e+12,8.951e+11,1.2089e+13
"NASA",2004,1.4007e+10,2.2928e+12,8.951e+11,1.2089e+13
"DOE",2004,1.1296e+10,2.2928e+12,8.951e+11,1.2089e+13
"HHS",2004,3.6977e+10,2.2928e+12,8.951e+11,1.2089e+13
"NIH",2004,3.5327e+10,2.2928e+12,8.951e+11,1.2089e+13
"NSF",2004,5.346e+09,2.2928e+12,8.951e+11,1.2089e+13
"USDA",2004,2.881e+09,2.2928e+12,8.951e+11,1.2089e+13
"Interior",2004,8.13e+08,2.2928e+12,8.951e+11,1.2089e+13
"DOT",2004,8.62e+08,2.2928e+12,8.951e+11,1.2089e+13
"EPA",2004,8.58e+08,2.2928e+12,8.951e+11,1.2089e+13
"DOC",2004,1.452e+09,2.2928e+12,8.951e+11,1.2089e+13
"DHS",2004,1.333e+09,2.2928e+12,8.951e+11,1.2089e+13
"VA",2004,1.123e+09,2.2928e+12,8.951e+11,1.2089e+13
"Other",2004,1.326e+09,2.2928e+12,8.951e+11,1.2089e+13
"DOD",2005,8.8331e+10,2.472e+12,9.685e+11,1.2889e+13
"NASA",2005,1.3347e+10,2.472e+12,9.685e+11,1.2889e+13
"DOE",2005,1.0835e+10,2.472e+12,9.685e+11,1.2889e+13
"HHS",2005,3.6669e+10,2.472e+12,9.685e+11,1.2889e+13
"NIH",2005,3.5039e+10,2.472e+12,9.685e+11,1.2889e+13
"NSF",2005,5.157e+09,2.472e+12,9.685e+11,1.2889e+13
"USDA",2005,3.04e+09,2.472e+12,9.685e+11,1.2889e+13
"Interior",2005,7.81e+08,2.472e+12,9.685e+11,1.2889e+13
"DOT",2005,8.88e+08,2.472e+12,9.685e+11,1.2889e+13
"EPA",2005,8.06e+08,2.472e+12,9.685e+11,1.2889e+13
"DOC",2005,1.41e+09,2.472e+12,9.685e+11,1.2889e+13
"DHS",2005,1.559e+09,2.472e+12,9.685e+11,1.2889e+13
"VA",2005,9.33e+08,2.472e+12,9.685e+11,1.2889e+13
"Other",2005,1.304e+09,2.472e+12,9.685e+11,1.2889e+13
"DOD",2006,9.0443e+10,2.655e+12,1.0167e+12,1.3685e+13
"NASA",2006,1.375e+10,2.655e+12,1.0167e+12,1.3685e+13
"DOE",2006,1.0451e+10,2.655e+12,1.0167e+12,1.3685e+13
"HHS",2006,3.5276e+10,2.655e+12,1.0167e+12,1.3685e+13
"NIH",2006,3.378e+10,2.655e+12,1.0167e+12,1.3685e+13
"NSF",2006,5.092e+09,2.655e+12,1.0167e+12,1.3685e+13
"USDA",2006,2.968e+09,2.655e+12,1.0167e+12,1.3685e+13
"Interior",2006,7.79e+08,2.655e+12,1.0167e+12,1.3685e+13
"DOT",2006,9.95e+08,2.655e+12,1.0167e+12,1.3685e+13
"EPA",2006,7.57e+08,2.655e+12,1.0167e+12,1.3685e+13
"DOC",2006,1.293e+09,2.655e+12,1.0167e+12,1.3685e+13
"DHS",2006,1.583e+09,2.655e+12,1.0167e+12,1.3685e+13
"VA",2006,9.37e+08,2.655e+12,1.0167e+12,1.3685e+13
"Other",2006,1.325e+09,2.655e+12,1.0167e+12,1.3685e+13
"DOD",2007,9.3645e+10,2.7287e+12,1.0416e+12,1.4323e+13
"NASA",2007,1.3727e+10,2.7287e+12,1.0416e+12,1.4323e+13
"DOE",2007,1.0709e+10,2.7287e+12,1.0416e+12,1.4323e+13
"HHS",2007,3.5108e+10,2.7287e+12,1.0416e+12,1.4323e+13
"NIH",2007,3.3602e+10,2.7287e+12,1.0416e+12,1.4323e+13
"NSF",2007,5.262e+09,2.7287e+12,1.0416e+12,1.4323e+13
"USDA",2007,2.696e+09,2.7287e+12,1.0416e+12,1.4323e+13
"Interior",2007,7.67e+08,2.7287e+12,1.0416e+12,1.4323e+13
"DOT",2007,9.09e+08,2.7287e+12,1.0416e+12,1.4323e+13
"EPA",2007,6.6e+08,2.7287e+12,1.0416e+12,1.4323e+13
"DOC",2007,1.271e+09,2.7287e+12,1.0416e+12,1.4323e+13
"DHS",2007,1.181e+09,2.7287e+12,1.0416e+12,1.4323e+13
"VA",2007,9.71e+08,2.7287e+12,1.0416e+12,1.4323e+13
"Other",2007,1.319e+09,2.7287e+12,1.0416e+12,1.4323e+13
"DOD",2008,9.4247e+10,2.9825e+12,1.1348e+12,1.4752e+13
"NASA",2008,1.2985e+10,2.9825e+12,1.1348e+12,1.4752e+13
"DOE",2008,1.1343e+10,2.9825e+12,1.1348e+12,1.4752e+13
"HHS",2008,3.3964e+10,2.9825e+12,1.1348e+12,1.4752e+13
"NIH",2008,3.313e+10,2.9825e+12,1.1348e+12,1.4752e+13
"NSF",2008,5.233e+09,2.9825e+12,1.1348e+12,1.4752e+13
"USDA",2008,2.708e+09,2.9825e+12,1.1348e+12,1.4752e+13
"Interior",2008,7.94e+08,2.9825e+12,1.1348e+12,1.4752e+13
"DOT",2008,1.016e+09,2.9825e+12,1.1348e+12,1.4752e+13
"EPA",2008,6.36e+08,2.9825e+12,1.1348e+12,1.4752e+13
"DOC",2008,1.379e+09,2.9825e+12,1.1348e+12,1.4752e+13
"DHS",2008,1.155e+09,2.9825e+12,1.1348e+12,1.4752e+13
"VA",2008,1.029e+09,2.9825e+12,1.1348e+12,1.4752e+13
"Other",2008,1.238e+09,2.9825e+12,1.1348e+12,1.4752e+13
"DOD",2009,9.3527e+10,3.5177e+12,1.2375e+12,1.4415e+13
"NASA",2009,1.0087e+10,3.5177e+12,1.2375e+12,1.4415e+13
"DOE",2009,1.1823e+10,3.5177e+12,1.2375e+12,1.4415e+13
"HHS",2009,3.5649e+10,3.5177e+12,1.2375e+12,1.4415e+13
"NIH",2009,3.415e+10,3.5177e+12,1.2375e+12,1.4415e+13
"NSF",2009,5.472e+09,3.5177e+12,1.2375e+12,1.4415e+13
"USDA",2009,2.797e+09,3.5177e+12,1.2375e+12,1.4415e+13
"Interior",2009,8.05e+08,3.5177e+12,1.2375e+12,1.4415e+13
"DOT",2009,1.062e+09,3.5177e+12,1.2375e+12,1.4415e+13
"EPA",2009,6.46e+08,3.5177e+12,1.2375e+12,1.4415e+13
"DOC",2009,1.594e+09,3.5177e+12,1.2375e+12,1.4415e+13
"DHS",2009,1.258e+09,3.5177e+12,1.2375e+12,1.4415e+13
"VA",2009,1.082e+09,3.5177e+12,1.2375e+12,1.4415e+13
"Other",2009,1.323e+09,3.5177e+12,1.2375e+12,1.4415e+13
"DOD",2010,9.4325e+10,3.4571e+12,1.3472e+12,1.4799e+13
"NASA",2010,1.0538e+10,3.4571e+12,1.3472e+12,1.4799e+13
"DOE",2010,1.2329e+10,3.4571e+12,1.3472e+12,1.4799e+13
"HHS",2010,3.6134e+10,3.4571e+12,1.3472e+12,1.4799e+13
"NIH",2010,3.4348e+10,3.4571e+12,1.3472e+12,1.4799e+13
"NSF",2010,6.135e+09,3.4571e+12,1.3472e+12,1.4799e+13
"USDA",2010,2.971e+09,3.4571e+12,1.3472e+12,1.4799e+13
"Interior",2010,8.83e+08,3.4571e+12,1.3472e+12,1.4799e+13
"DOT",2010,1.221e+09,3.4571e+12,1.3472e+12,1.4799e+13
"EPA",2010,6.79e+08,3.4571e+12,1.3472e+12,1.4799e+13
"DOC",2010,1.521e+09,3.4571e+12,1.3472e+12,1.4799e+13
"DHS",2010,1.009e+09,3.4571e+12,1.3472e+12,1.4799e+13
"VA",2010,1.176e+09,3.4571e+12,1.3472e+12,1.4799e+13
"Other",2010,1.287e+09,3.4571e+12,1.3472e+12,1.4799e+13
"DOD",2011,8.822e+10,3.6031e+12,1.3471e+12,1.5379e+13
"NASA",2011,1.0147e+10,3.6031e+12,1.3471e+12,1.5379e+13
"DOE",2011,1.1902e+10,3.6031e+12,1.3471e+12,1.5379e+13
"HHS",2011,3.4773e+10,3.6031e+12,1.3471e+12,1.5379e+13
"NIH",2011,3.3265e+10,3.6031e+12,1.3471e+12,1.5379e+13
"NSF",2011,6.127e+09,3.6031e+12,1.3471e+12,1.5379e+13
"USDA",2011,2.637e+09,3.6031e+12,1.3471e+12,1.5379e+13
"Interior",2011,8.44e+08,3.6031e+12,1.3471e+12,1.5379e+13
"DOT",2011,1.064e+09,3.6031e+12,1.3471e+12,1.5379e+13
"EPA",2011,6.49e+08,3.6031e+12,1.3471e+12,1.5379e+13
"DOC",2011,1.357e+09,3.6031e+12,1.3471e+12,1.5379e+13
"DHS",2011,8.48e+08,3.6031e+12,1.3471e+12,1.5379e+13
"VA",2011,1.294e+09,3.6031e+12,1.3471e+12,1.5379e+13
"Other",2011,1.129e+09,3.6031e+12,1.3471e+12,1.5379e+13
"DOD",2012,8.1543e+10,3.5369e+12,1.2861e+12,1.6027e+13
"NASA",2012,1.2391e+10,3.5369e+12,1.2861e+12,1.6027e+13
"DOE",2012,1.1839e+10,3.5369e+12,1.2861e+12,1.6027e+13
"HHS",2012,3.436e+10,3.5369e+12,1.2861e+12,1.6027e+13
"NIH",2012,3.2865e+10,3.5369e+12,1.2861e+12,1.6027e+13
"NSF",2012,6.248e+09,3.5369e+12,1.2861e+12,1.6027e+13
"USDA",2012,2.553e+09,3.5369e+12,1.2861e+12,1.6027e+13
"Interior",2012,8.98e+08,3.5369e+12,1.2861e+12,1.6027e+13
"DOT",2012,1.007e+09,3.5369e+12,1.2861e+12,1.6027e+13
"EPA",2012,6.22e+08,3.5369e+12,1.2861e+12,1.6027e+13
"DOC",2012,1.373e+09,3.5369e+12,1.2861e+12,1.6027e+13
"DHS",2012,5.27e+08,3.5369e+12,1.2861e+12,1.6027e+13
"VA",2012,1.27e+09,3.5369e+12,1.2861e+12,1.6027e+13
"Other",2012,1.448e+09,3.5369e+12,1.2861e+12,1.6027e+13
"DOD",2013,7.0583e+10,3.4546e+12,1.2022e+12,1.6516e+13
"NASA",2013,1.1845e+10,3.4546e+12,1.2022e+12,1.6516e+13
"DOE",2013,1.1528e+10,3.4546e+12,1.2022e+12,1.6516e+13
"HHS",2013,3.2095e+10,3.4546e+12,1.2022e+12,1.6516e+13
"NIH",2013,3.0522e+10,3.4546e+12,1.2022e+12,1.6516e+13
"NSF",2013,5.739e+09,3.4546e+12,1.2022e+12,1.6516e+13
"USDA",2013,2.279e+09,3.4546e+12,1.2022e+12,1.6516e+13
"Interior",2013,8.46e+08,3.4546e+12,1.2022e+12,1.6516e+13
"DOT",2013,8.81e+08,3.4546e+12,1.2022e+12,1.6516e+13
"EPA",2013,5.7e+08,3.4546e+12,1.2022e+12,1.6516e+13
"DOC",2013,1.397e+09,3.4546e+12,1.2022e+12,1.6516e+13
"DHS",2013,7.37e+08,3.4546e+12,1.2022e+12,1.6516e+13
"VA",2013,1.253e+09,3.4546e+12,1.2022e+12,1.6516e+13
"Other",2013,1.846e+09,3.4546e+12,1.2022e+12,1.6516e+13
"DOD",2014,7.0341e+10,3.5061e+12,1.1786e+12,1.7244e+13
"NASA",2014,1.2432e+10,3.5061e+12,1.1786e+12,1.7244e+13
"DOE",2014,1.2686e+10,3.5061e+12,1.1786e+12,1.7244e+13
"HHS",2014,3.2438e+10,3.5061e+12,1.1786e+12,1.7244e+13
"NIH",2014,3.0938e+10,3.5061e+12,1.1786e+12,1.7244e+13
"NSF",2014,6.135e+09,3.5061e+12,1.1786e+12,1.7244e+13
"USDA",2014,2.517e+09,3.5061e+12,1.1786e+12,1.7244e+13
"Interior",2014,8.89e+08,3.5061e+12,1.1786e+12,1.7244e+13
"DOT",2014,8.43e+08,3.5061e+12,1.1786e+12,1.7244e+13
"EPA",2014,5.69e+08,3.5061e+12,1.1786e+12,1.7244e+13
"DOC",2014,1.641e+09,3.5061e+12,1.1786e+12,1.7244e+13
"DHS",2014,1.092e+09,3.5061e+12,1.1786e+12,1.7244e+13
"VA",2014,1.165e+09,3.5061e+12,1.1786e+12,1.7244e+13
"Other",2014,1.697e+09,3.5061e+12,1.1786e+12,1.7244e+13
"DOD",2015,6.9522e+10,3.6884e+12,1.1687e+12,1.7983e+13
"NASA",2015,1.1927e+10,3.6884e+12,1.1687e+12,1.7983e+13
"DOE",2015,1.5033e+10,3.6884e+12,1.1687e+12,1.7983e+13
"HHS",2015,3.1537e+10,3.6884e+12,1.1687e+12,1.7983e+13
"NIH",2015,3.0046e+10,3.6884e+12,1.1687e+12,1.7983e+13
"NSF",2015,6.26e+09,3.6884e+12,1.1687e+12,1.7983e+13
"USDA",2015,2.565e+09,3.6884e+12,1.1687e+12,1.7983e+13
"Interior",2015,9.03e+08,3.6884e+12,1.1687e+12,1.7983e+13
"DOT",2015,9.26e+08,3.6884e+12,1.1687e+12,1.7983e+13
"EPA",2015,5.44e+08,3.6884e+12,1.1687e+12,1.7983e+13
"DOC",2015,1.596e+09,3.6884e+12,1.1687e+12,1.7983e+13
"DHS",2015,9.6e+08,3.6884e+12,1.1687e+12,1.7983e+13
"VA",2015,1.231e+09,3.6884e+12,1.1687e+12,1.7983e+13
"Other",2015,1.558e+09,3.6884e+12,1.1687e+12,1.7983e+13
"DOD",2016,7.5213e+10,3.8526e+12,1.1852e+12,1.847e+13
"NASA",2016,1.3713e+10,3.8526e+12,1.1852e+12,1.847e+13
"DOE",2016,1.5504e+10,3.8526e+12,1.1852e+12,1.847e+13
"HHS",2016,3.3121e+10,3.8526e+12,1.1852e+12,1.847e+13
"NIH",2016,3.1675e+10,3.8526e+12,1.1852e+12,1.847e+13
"NSF",2016,6.222e+09,3.8526e+12,1.1852e+12,1.847e+13
"USDA",2016,2.745e+09,3.8526e+12,1.1852e+12,1.847e+13
"Interior",2016,1.005e+09,3.8526e+12,1.1852e+12,1.847e+13
"DOT",2016,9.1e+08,3.8526e+12,1.1852e+12,1.847e+13
"EPA",2016,5.3e+08,3.8526e+12,1.1852e+12,1.847e+13
"DOC",2016,1.73e+09,3.8526e+12,1.1852e+12,1.847e+13
"DHS",2016,6.02e+08,3.8526e+12,1.1852e+12,1.847e+13
"VA",2016,1.262e+09,3.8526e+12,1.1852e+12,1.847e+13
"Other",2016,1.653e+09,3.8526e+12,1.1852e+12,1.847e+13
"DOD",2017,5.1862e+10,3.9816e+12,1.2002e+12,1.9177e+13
"NASA",2017,1.2361e+10,3.9816e+12,1.2002e+12,1.9177e+13
"DOE",2017,1.5032e+10,3.9816e+12,1.2002e+12,1.9177e+13
"HHS",2017,3.4758e+10,3.9816e+12,1.2002e+12,1.9177e+13
"NIH",2017,3.3052e+10,3.9816e+12,1.2002e+12,1.9177e+13
"NSF",2017,6.04e+09,3.9816e+12,1.2002e+12,1.9177e+13
"USDA",2017,2.625e+09,3.9816e+12,1.2002e+12,1.9177e+13
"Interior",2017,9.55e+08,3.9816e+12,1.2002e+12,1.9177e+13
"DOT",2017,9.36e+08,3.9816e+12,1.2002e+12,1.9177e+13
"EPA",2017,5.06e+08,3.9816e+12,1.2002e+12,1.9177e+13
"DOC",2017,1.824e+09,3.9816e+12,1.2002e+12,1.9177e+13
"DHS",2017,7.35e+08,3.9816e+12,1.2002e+12,1.9177e+13
"VA",2017,1.367e+09,3.9816e+12,1.2002e+12,1.9177e+13
"Other",2017,1.553e+09,3.9816e+12,1.2002e+12,1.9177e+13
